Protein_Order,Protein,Unique_Peptide_Number,Spectrum_Number
,Spectrum_Order,Title,Charge,Precursor_Mass,Peptide,Peptide_Mass,Modifications,Evalue,Score,Precursor_Mass_Error(Da),Precursor_Mass_Error(ppm),Alpha_Evalue,Beta_Evalue
1,BSA(222)-BSA(463),2,35
,1,YL_KARGO_0DOT2.11649.11649.3.0.dta,3,2475.110656,LRCASIQK(2)-CCTKPESER(4),2475.110015,Carbamidomethyl[C](1);Carbamidomethyl[C](2);Carbamidomethyl[C](15),1.000000e+000,1.977446e-013,0.000641,0.258978,1.000000e+000,1.000000e+000
,2,YL_KARGO_0DOT2.11603.11603.3.0.dta,3,2475.111032,LRCASIQK(2)-CCTKPESER(4),2475.110015,Carbamidomethyl[C](1);Carbamidomethyl[C](2);Carbamidomethyl[C](15),1.000000e+000,5.651416e-013,0.001017,0.410891,1.000000e+000,1.000000e+000
,3,YL_KARGO_0DOT2.11621.11621.3.0.dta,3,2475.111067,LRCASIQK(2)-CCTKPESER(4),2475.110015,Carbamidomethyl[C](1);Carbamidomethyl[C](2);Carbamidomethyl[C](15),1.000000e+000,6.659912e-013,0.001052,0.425032,1.000000e+000,1.000000e+000
,4,YL_KARGO_0DOT2.11597.11597.3.0.dta,3,2475.111032,LRCASIQK(2)-CCTKPESER(4),2475.110015,Carbamidomethyl[C](1);Carbamidomethyl[C](2);Carbamidomethyl[C](15),1.000000e+000,3.082439e-012,0.001017,0.410891,1.000000e+000,1.000000e+000
,5,YL_KARGO_0DOT1.11746.11746.3.0.dta,3,2475.112187,LRCASIQK(2)-CCTKPESER(4),2475.110015,Carbamidomethyl[C](1);Carbamidomethyl[C](2);Carbamidomethyl[C](15),1.000000e+000,1.160285e-009,0.002172,0.877537,1.000000e+000,1.000000e+000
,6,YL_KARGO_0DOT1.11690.11690.3.0.dta,3,2475.111089,LRCASIQK(2)-CCTKPESER(4),2475.110015,Carbamidomethyl[C](1);Carbamidomethyl[C](2);Carbamidomethyl[C](15),1.000000e+000,2.316288e-009,0.001074,0.433920,1.000000e+000,1.000000e+000
,7,YL_KARGO_0DOT2.11706.11706.3.0.dta,3,2475.111578,LRCASIQK(2)-CCTKPESER(4),2475.110015,Carbamidomethyl[C](1);Carbamidomethyl[C](2);Carbamidomethyl[C](15),1.000000e+000,3.851184e-008,0.001563,0.631487,1.000000e+000,1.000000e+000
,8,YL_KARGO_0DOT2.11569.11569.5.0.dta,5,2475.111248,LRCASIQK(2)-CCTKPESER(4),2475.110015,Carbamidomethyl[C](1);Carbamidomethyl[C](2);Carbamidomethyl[C](15),1.000000e+000,9.019426e-008,0.001233,0.498160,1.000000e+000,1.000000e+000
,9,YL_KARGO_0DOT2.11647.11647.5.0.dta,5,2475.110729,LRCASIQK(2)-CCTKPESER(4),2475.110015,Carbamidomethyl[C](1);Carbamidomethyl[C](2);Carbamidomethyl[C](15),1.000000e+000,2.918283e-007,0.000714,0.288472,1.000000e+000,1.000000e+000
,10,YL_KARGO_0DOT1.11286.11286.3.0.dta,3,2475.110644,LRCASIQK(2)-CCTKPESER(4),2475.110015,Carbamidomethyl[C](1);Carbamidomethyl[C](2);Carbamidomethyl[C](15),1.000000e+000,4.235050e-007,0.000629,0.254130,1.000000e+000,1.000000e+000
,11,YL_KARGO_0DOT2.11629.11629.5.0.dta,5,2475.110941,LRCASIQK(2)-CCTKPESER(4),2475.110015,Carbamidomethyl[C](1);Carbamidomethyl[C](2);Carbamidomethyl[C](15),1.000000e+000,1.140093e-006,0.000926,0.374125,1.000000e+000,1.000000e+000
,12,YL_KARGO_0DOT2.11575.11575.4.0.dta,4,2475.116119,LRCASIQK(2)-CCTKPESER(4),2475.110015,Carbamidomethyl[C](1);Carbamidomethyl[C](2);Carbamidomethyl[C](15),1.000000e+000,1.248208e-006,0.006104,2.466153,1.000000e+000,1.000000e+000
,13,YL_KARGO_0DOT1.11836.11836.5.0.dta,5,2475.109695,LRCASIQK(2)-CCTKPESER(4),2475.110015,Carbamidomethyl[C](1);Carbamidomethyl[C](2);Carbamidomethyl[C](15),1.000000e+000,2.498794e-006,-0.000320,-0.129287,1.000000e+000,1.000000e+000
,14,YL_KARGO_0DOT1.11794.11794.3.0.dta,3,2475.113438,LRCASIQK(2)-CCTKPESER(4),2475.110015,Carbamidomethyl[C](1);Carbamidomethyl[C](2);Carbamidomethyl[C](15),1.000000e+000,4.315470e-006,0.003423,1.382969,1.000000e+000,1.000000e+000
,15,YL_KARGO_0DOT1.11742.11742.5.0.dta,5,2475.110866,LRCASIQK(2)-CCTKPESER(4),2475.110015,Carbamidomethyl[C](1);Carbamidomethyl[C](2);Carbamidomethyl[C](15),1.000000e+000,4.545356e-006,0.000851,0.343823,1.000000e+000,1.000000e+000
,16,YL_KARGO_0DOT2.11596.11596.4.0.dta,4,2475.116356,LRCASIQK(2)-CCTKPESER(4),2475.110015,Carbamidomethyl[C](1);Carbamidomethyl[C](2);Carbamidomethyl[C](15),1.000000e+000,4.698794e-006,0.006341,2.561906,1.000000e+000,1.000000e+000
,17,YL_KARGO_0DOT2.11280.11280.3.1.dta,3,2475.109251,LRCASIQK(2)-CCTKPESER(4),2475.110015,Carbamidomethyl[C](1);Carbamidomethyl[C](2);Carbamidomethyl[C](15),1.000000e+000,1.110393e-005,-0.000764,-0.308673,1.000000e+000,1.000000e+000
,18,YL_KARGO_0DOT1.11282.11282.3.0.dta,3,2475.110346,LRCASIQK(2)-CCTKPESER(4),2475.110015,Carbamidomethyl[C](1);Carbamidomethyl[C](2);Carbamidomethyl[C](15),1.000000e+000,1.967189e-005,0.000331,0.133731,1.000000e+000,1.000000e+000
,19,YL_KARGO_0DOT1.11912.11912.3.0.dta,3,2475.112043,LRCASIQK(2)-CCTKPESER(4),2475.110015,Carbamidomethyl[C](1);Carbamidomethyl[C](2);Carbamidomethyl[C](15),1.000000e+000,3.459385e-005,0.002028,0.819358,1.000000e+000,1.000000e+000
,20,YL_KARGO_0DOT1.11301.11301.4.1.dta,4,2475.111473,LRCASIQK(2)-CCTKPESER(4),2475.110015,Carbamidomethyl[C](1);Carbamidomethyl[C](2);Carbamidomethyl[C](15),1.000000e+000,7.738656e-005,0.001458,0.589065,1.000000e+000,1.000000e+000
,21,YL_KARGO_0DOT1.11760.11760.4.0.dta,4,2475.116779,LRCASIQK(2)-CCTKPESER(4),2475.110015,Carbamidomethyl[C](1);Carbamidomethyl[C](2);Carbamidomethyl[C](15),1.000000e+000,7.803227e-005,0.006764,2.732808,1.000000e+000,1.000000e+000
,22,YL_KARGO_0DOT1.11684.11684.4.0.dta,4,2475.113999,LRCASIQK(2)-CCTKPESER(4),2475.110015,Carbamidomethyl[C](1);Carbamidomethyl[C](2);Carbamidomethyl[C](15),1.000000e+000,1.037876e-004,0.003984,1.609625,1.000000e+000,1.000000e+000
,23,YL_KARGO_0DOT1.11670.11670.5.0.dta,5,2475.110203,LRCASIQK(2)-CCTKPESER(4),2475.110015,Carbamidomethyl[C](1);Carbamidomethyl[C](2);Carbamidomethyl[C](15),1.000000e+000,2.476986e-004,0.000188,0.075956,1.000000e+000,1.000000e+000
,24,YL_KARGO_0DOT1.12135.12135.3.0.dta,3,2475.110705,LRCASIQK(2)-CCTKPESER(4),2475.110015,Carbamidomethyl[C](1);Carbamidomethyl[C](2);Carbamidomethyl[C](15),1.000000e+000,4.025253e-004,0.000690,0.278775,1.000000e+000,1.000000e+000
,25,YL_KARGO_0DOT1.11716.11716.4.0.dta,4,2475.115901,LRCASIQK(2)-CCTKPESER(4),2475.110015,Carbamidomethyl[C](1);Carbamidomethyl[C](2);Carbamidomethyl[C](15),1.000000e+000,4.182219e-004,0.005886,2.378076,1.000000e+000,1.000000e+000
,26,YL_KARGO_0DOT1.11318.11318.5.0.dta,5,2475.110690,LRCASIQK(2)-CCTKPESER(4),2475.110015,Carbamidomethyl[C](1);Carbamidomethyl[C](2);Carbamidomethyl[C](15),1.000000e+000,8.415948e-004,0.000675,0.272715,1.000000e+000,1.000000e+000
,27,YL_KARGO_0DOT1.11279.11279.3.0.dta,3,2475.108901,LRCASIQK(2)-CCTKPESER(4),2475.110015,Carbamidomethyl[C](1);Carbamidomethyl[C](2);Carbamidomethyl[C](15),1.000000e+000,8.496382e-004,-0.001114,-0.450081,1.000000e+000,1.000000e+000
,28,YL_KARGO_0DOT1.11288.11288.4.3.dta,4,2475.112023,LRCASIQK(2)-CCTKPESER(4),2475.110015,Carbamidomethyl[C](1);Carbamidomethyl[C](2);Carbamidomethyl[C](15),1.000000e+000,1.369622e-003,0.002008,0.811277,1.000000e+000,1.000000e+000
,29,YL_KARGO_0DOT2.11219.11219.5.2.dta,5,2475.115547,LRCASIQK(2)-CCTKPESER(4),2475.110015,Carbamidomethyl[C](1);Carbamidomethyl[C](2);Carbamidomethyl[C](15),1.000000e+000,7.989227e-003,0.005532,2.235052,1.000000e+000,1.000000e+000
,30,YL_KARGO_0DOT2.11488.11488.4.2.dta,4,2475.110082,LRCASIQK(2)-CCTKPESER(4),2475.110015,Carbamidomethyl[C](1);Carbamidomethyl[C](2);Carbamidomethyl[C](15),1.000000e+000,9.047035e-003,0.000067,0.027070,1.000000e+000,1.000000e+000
,31,YL_KARGO_0DOT2.11166.11166.4.1.dta,4,2475.108954,LRCASIQK(2)-CCTKPESER(4),2475.110015,Carbamidomethyl[C](1);Carbamidomethyl[C](2);Carbamidomethyl[C](15),1.000000e+000,4.573140e-002,-0.001061,-0.428668,1.000000e+000,1.000000e+000
,32,YL_KARGO_0DOT1.12101.12101.4.3.dta,4,2475.111311,LRCASIQK(2)-CCTKPESER(4),2475.110015,Carbamidomethyl[C](1);Carbamidomethyl[C](2);Carbamidomethyl[C](15),1.000000e+000,5.435041e-002,0.001296,0.523613,1.000000e+000,1.000000e+000
,33,YL_KARGO_0DOT2.11165.11165.3.0.dta,3,2475.107143,LRCASIQK(2)-CCTKPESER(4),2475.110015,Carbamidomethyl[C](1);Carbamidomethyl[C](2);Carbamidomethyl[C](15),1.000000e+000,6.669539e-001,-0.002872,-1.160352,1.000000e+000,1.000000e+000
,34,YL_KARGO_0DOT1.10928.10928.5.0.dta,5,2759.271217,QRLRCASIQK(4)-CCTKPESER(4),2759.269689,Carbamidomethyl[C](5);Carbamidomethyl[C](14);Carbamidomethyl[C](15),1.000000e+000,5.847486e-001,0.001528,0.553770,1.000000e+000,1.000000e+000
,35,YL_KARGO_0DOT1.10918.10918.4.0.dta,4,2759.268176,QRLRCASIQK(4)-CCTKPESER(4),2759.269689,Carbamidomethyl[C](5);Carbamidomethyl[C](14);Carbamidomethyl[C](15),1.000000e+000,6.866812e-001,-0.001513,-0.548333,1.000000e+000,1.000000e+000
2,BSA(222)-BSA(374),2,35
,1,YL_KARGO_0DOT1.16374.16374.3.0.dta,3,3123.444763,LRCASIQK(2)-LAKEYEATLEECCAK(3),3123.447030,Carbamidomethyl[C](12);Carbamidomethyl[C](13);Carbamidomethyl[C](21),1.000000e+000,1.481027e-011,-0.002267,-0.725801,1.000000e+000,1.000000e+000
,2,YL_KARGO_0DOT1.16079.16079.3.1.dta,3,3123.446270,LRCASIQK(2)-LAKEYEATLEECCAK(3),3123.447030,Carbamidomethyl[C](12);Carbamidomethyl[C](13);Carbamidomethyl[C](21),1.000000e+000,9.394609e-011,-0.000760,-0.243321,1.000000e+000,1.000000e+000
,3,YL_KARGO_0DOT1.16427.16427.3.0.dta,3,3123.446892,LRCASIQK(2)-LAKEYEATLEECCAK(3),3123.447030,Carbamidomethyl[C](12);Carbamidomethyl[C](13);Carbamidomethyl[C](21),1.000000e+000,1.052708e-009,-0.000138,-0.044182,1.000000e+000,1.000000e+000
,4,YL_KARGO_0DOT1.16066.16066.3.0.dta,3,3123.448185,LRCASIQK(2)-LAKEYEATLEECCAK(3),3123.447030,Carbamidomethyl[C](12);Carbamidomethyl[C](13);Carbamidomethyl[C](21),1.000000e+000,2.555035e-009,0.001155,0.369784,1.000000e+000,1.000000e+000
,5,YL_KARGO_0DOT2.16404.16404.3.0.dta,3,3123.445733,LRCASIQK(2)-LAKEYEATLEECCAK(3),3123.447030,Carbamidomethyl[C](12);Carbamidomethyl[C](13);Carbamidomethyl[C](21),1.000000e+000,5.830868e-009,-0.001297,-0.415246,1.000000e+000,1.000000e+000
,6,YL_KARGO_0DOT1.16058.16058.4.1.dta,4,3123.445761,LRCASIQK(2)-LAKEYEATLEECCAK(3),3123.447030,Carbamidomethyl[C](12);Carbamidomethyl[C](13);Carbamidomethyl[C](21),1.000000e+000,3.123583e-008,-0.001269,-0.406282,1.000000e+000,1.000000e+000
,7,YL_KARGO_0DOT1.16496.16496.3.0.dta,3,3123.445994,LRCASIQK(2)-LAKEYEATLEECCAK(3),3123.447030,Carbamidomethyl[C](12);Carbamidomethyl[C](13);Carbamidomethyl[C](21),1.000000e+000,1.109596e-007,-0.001036,-0.331685,1.000000e+000,1.000000e+000
,8,YL_KARGO_0DOT1.16070.16070.4.2.dta,4,3123.447305,LRCASIQK(2)-LAKEYEATLEECCAK(3),3123.447030,Carbamidomethyl[C](12);Carbamidomethyl[C](13);Carbamidomethyl[C](21),1.000000e+000,1.480671e-007,0.000275,0.088044,1.000000e+000,1.000000e+000
,9,YL_KARGO_0DOT2.16443.16443.4.0.dta,4,3123.451537,LRCASIQK(2)-LAKEYEATLEECCAK(3),3123.447030,Carbamidomethyl[C](12);Carbamidomethyl[C](13);Carbamidomethyl[C](21),1.000000e+000,4.585940e-007,0.004507,1.442957,1.000000e+000,1.000000e+000
,10,YL_KARGO_0DOT1.16437.16437.4.0.dta,4,3123.445645,LRCASIQK(2)-LAKEYEATLEECCAK(3),3123.447030,Carbamidomethyl[C](12);Carbamidomethyl[C](13);Carbamidomethyl[C](21),1.000000e+000,6.741644e-006,-0.001385,-0.443420,1.000000e+000,1.000000e+000
,11,YL_KARGO_0DOT1.16587.16587.3.0.dta,3,3123.435105,LRCASIQK(2)-LAKEYEATLEECCAK(3),3123.447030,Carbamidomethyl[C](12);Carbamidomethyl[C](13);Carbamidomethyl[C](21),1.000000e+000,1.036050e-005,-0.011925,-3.817897,1.000000e+000,1.000000e+000
,12,YL_KARGO_0DOT1.16534.16534.4.0.dta,4,3123.447776,LRCASIQK(2)-LAKEYEATLEECCAK(3),3123.447030,Carbamidomethyl[C](12);Carbamidomethyl[C](13);Carbamidomethyl[C](21),1.000000e+000,5.345751e-005,0.000746,0.238839,1.000000e+000,1.000000e+000
,13,YL_KARGO_0DOT1.16320.16320.5.1.dta,5,3123.445141,LRCASIQK(2)-LAKEYEATLEECCAK(3),3123.447030,Carbamidomethyl[C](12);Carbamidomethyl[C](13);Carbamidomethyl[C](21),1.000000e+000,1.326492e-004,-0.001889,-0.604781,1.000000e+000,1.000000e+000
,14,YL_KARGO_0DOT1.16327.16327.5.0.dta,5,3123.447025,LRCASIQK(2)-LAKEYEATLEECCAK(3),3123.447030,Carbamidomethyl[C](12);Carbamidomethyl[C](13);Carbamidomethyl[C](21),1.000000e+000,1.330424e-004,-0.000005,-0.001601,1.000000e+000,1.000000e+000
,15,YL_KARGO_0DOT1.16560.16560.3.0.dta,3,3123.442093,LRCASIQK(2)-LAKEYEATLEECCAK(3),3123.447030,Carbamidomethyl[C](12);Carbamidomethyl[C](13);Carbamidomethyl[C](21),1.000000e+000,2.025583e-003,-0.004937,-1.580625,1.000000e+000,1.000000e+000
,16,YL_KARGO_0DOT2.16540.16540.3.0.dta,3,3123.446234,LRCASIQK(2)-LAKEYEATLEECCAK(3),3123.447030,Carbamidomethyl[C](12);Carbamidomethyl[C](13);Carbamidomethyl[C](21),1.000000e+000,3.047049e-003,-0.000796,-0.254847,1.000000e+000,1.000000e+000
,17,YL_KARGO_0DOT1.16376.16376.5.0.dta,5,3123.447055,LRCASIQK(2)-LAKEYEATLEECCAK(3),3123.447030,Carbamidomethyl[C](12);Carbamidomethyl[C](13);Carbamidomethyl[C](21),1.000000e+000,1.427173e-002,0.000025,0.008004,1.000000e+000,1.000000e+000
,18,YL_KARGO_0DOT1.16623.16623.4.2.dta,4,3123.440785,LRCASIQK(2)-LAKEYEATLEECCAK(3),3123.447030,Carbamidomethyl[C](12);Carbamidomethyl[C](13);Carbamidomethyl[C](21),1.000000e+000,1.033699e-001,-0.006245,-1.999394,1.000000e+000,1.000000e+000
,19,YL_KARGO_0DOT2.16179.16179.3.0.dta,3,3123.441925,LRCASIQK(2)-LAKEYEATLEECCAK(3),3123.447030,Carbamidomethyl[C](12);Carbamidomethyl[C](13);Carbamidomethyl[C](21),1.000000e+000,1.081219e-001,-0.005105,-1.634412,1.000000e+000,1.000000e+000
,20,YL_KARGO_0DOT2.16445.16445.5.0.dta,5,3123.448898,LRCASIQK(2)-LAKEYEATLEECCAK(3),3123.447030,Carbamidomethyl[C](12);Carbamidomethyl[C](13);Carbamidomethyl[C](21),1.000000e+000,1.517578e-001,0.001868,0.598057,1.000000e+000,1.000000e+000
,21,YL_KARGO_0DOT2.16432.16432.5.0.dta,5,3123.448898,LRCASIQK(2)-LAKEYEATLEECCAK(3),3123.447030,Carbamidomethyl[C](12);Carbamidomethyl[C](13);Carbamidomethyl[C](21),1.000000e+000,3.914525e-001,0.001868,0.598057,1.000000e+000,1.000000e+000
,22,YL_KARGO_0DOT1.16436.16436.4.2.dta,4,3123.445645,LRCASIQK(2)-LAKEYEATLEECCAK(3),3123.447030,Carbamidomethyl[C](12);Carbamidomethyl[C](13);Carbamidomethyl[C](21),1.000000e+000,7.668394e-001,-0.001385,-0.443420,1.000000e+000,1.000000e+000
,23,YL_KARGO_0DOT1.17455.17455.4.0.dta,4,4659.082343,LRCASIQK(2)-LAKEYEATLEECCAKDDPHACYSTVFDK(3),4659.082056,Carbamidomethyl[C](12);Carbamidomethyl[C](13);Carbamidomethyl[C](21);Carbamidomethyl[C](34),1.000000e+000,1.655083e-010,0.000287,0.061600,1.000000e+000,1.000000e+000
,24,YL_KARGO_0DOT2.17530.17530.4.0.dta,4,4659.090446,LRCASIQK(2)-LAKEYEATLEECCAKDDPHACYSTVFDK(3),4659.082056,Carbamidomethyl[C](12);Carbamidomethyl[C](13);Carbamidomethyl[C](21);Carbamidomethyl[C](34),1.000000e+000,2.092784e-007,0.008390,1.800784,1.000000e+000,1.000000e+000
,25,YL_KARGO_0DOT1.17482.17482.6.0.dta,6,4659.089198,LRCASIQK(2)-LAKEYEATLEECCAKDDPHACYSTVFDK(3),4659.082056,Carbamidomethyl[C](12);Carbamidomethyl[C](13);Carbamidomethyl[C](21);Carbamidomethyl[C](34),1.000000e+000,3.083593e-007,0.007142,1.532920,1.000000e+000,1.000000e+000
,26,YL_KARGO_0DOT1.17450.17450.5.0.dta,5,4659.089087,LRCASIQK(2)-LAKEYEATLEECCAKDDPHACYSTVFDK(3),4659.082056,Carbamidomethyl[C](12);Carbamidomethyl[C](13);Carbamidomethyl[C](21);Carbamidomethyl[C](34),1.000000e+000,7.361730e-007,0.007031,1.509096,1.000000e+000,1.000000e+000
,27,YL_KARGO_0DOT1.17458.17458.6.0.dta,6,4659.089547,LRCASIQK(2)-LAKEYEATLEECCAKDDPHACYSTVFDK(3),4659.082056,Carbamidomethyl[C](12);Carbamidomethyl[C](13);Carbamidomethyl[C](21);Carbamidomethyl[C](34),1.000000e+000,1.610281e-006,0.007491,1.607827,1.000000e+000,1.000000e+000
,28,YL_KARGO_0DOT2.17506.17506.4.1.dta,4,4659.090446,LRCASIQK(2)-LAKEYEATLEECCAKDDPHACYSTVFDK(3),4659.082056,Carbamidomethyl[C](12);Carbamidomethyl[C](13);Carbamidomethyl[C](21);Carbamidomethyl[C](34),1.000000e+000,5.517942e-006,0.008390,1.800784,1.000000e+000,1.000000e+000
,29,YL_KARGO_0DOT2.17529.17529.5.0.dta,5,4659.077050,LRCASIQK(2)-LAKEYEATLEECCAKDDPHACYSTVFDK(3),4659.082056,Carbamidomethyl[C](12);Carbamidomethyl[C](13);Carbamidomethyl[C](21);Carbamidomethyl[C](34),1.000000e+000,3.059633e-005,-0.005006,-1.074461,1.000000e+000,1.000000e+000
,30,YL_KARGO_0DOT1.17314.17314.4.0.dta,4,4659.082657,LRCASIQK(2)-LAKEYEATLEECCAKDDPHACYSTVFDK(3),4659.082056,Carbamidomethyl[C](12);Carbamidomethyl[C](13);Carbamidomethyl[C](21);Carbamidomethyl[C](34),1.000000e+000,3.805272e-005,0.000601,0.128995,1.000000e+000,1.000000e+000
,31,YL_KARGO_0DOT1.17319.17319.5.0.dta,5,4659.074041,LRCASIQK(2)-LAKEYEATLEECCAKDDPHACYSTVFDK(3),4659.082056,Carbamidomethyl[C](12);Carbamidomethyl[C](13);Carbamidomethyl[C](21);Carbamidomethyl[C](34),1.000000e+000,2.331419e-004,-0.008015,-1.720296,1.000000e+000,1.000000e+000
,32,YL_KARGO_0DOT2.17517.17517.6.0.dta,6,4659.078598,LRCASIQK(2)-LAKEYEATLEECCAKDDPHACYSTVFDK(3),4659.082056,Carbamidomethyl[C](12);Carbamidomethyl[C](13);Carbamidomethyl[C](21);Carbamidomethyl[C](34),1.000000e+000,9.300795e-004,-0.003458,-0.742206,1.000000e+000,1.000000e+000
,33,YL_KARGO_0DOT1.17320.17320.6.4.dta,6,4659.095242,LRCASIQK(2)-LAKEYEATLEECCAKDDPHACYSTVFDK(3),4659.082056,Carbamidomethyl[C](12);Carbamidomethyl[C](13);Carbamidomethyl[C](21);Carbamidomethyl[C](34),1.000000e+000,2.061027e-002,0.013186,2.830171,1.000000e+000,1.000000e+000
,34,YL_KARGO_0DOT1.17616.17616.6.0.dta,6,4659.080655,LRCASIQK(2)-LAKEYEATLEECCAKDDPHACYSTVFDK(3),4659.082056,Carbamidomethyl[C](12);Carbamidomethyl[C](13);Carbamidomethyl[C](21);Carbamidomethyl[C](34),1.000000e+000,5.661320e-001,-0.001401,-0.300703,1.000000e+000,1.000000e+000
,35,YL_KARGO_0DOT1.17628.17628.6.0.dta,6,4659.080655,LRCASIQK(2)-LAKEYEATLEECCAKDDPHACYSTVFDK(3),4659.082056,Carbamidomethyl[C](12);Carbamidomethyl[C](13);Carbamidomethyl[C](21);Carbamidomethyl[C](34),1.000000e+000,5.984226e-001,-0.001401,-0.300703,1.000000e+000,1.000000e+000
3,BSA(280)-BSA(304),2,3
,1,YL_KARGO_0DOT1.18344.18344.4.0.dta,4,4113.784881,ECCHGDLLECADDRADLAK(14)-LKECCDKPLLEK(7),4113.800501,Carbamidomethyl[C](2);Carbamidomethyl[C](3);Carbamidomethyl[C](10);Carbamidomethyl[C](26);Carbamidomethyl[C](27),1.000000e+000,2.133809e-006,-0.015620,-3.796976,1.000000e+000,1.000000e+000
,2,YL_KARGO_0DOT1.18345.18345.5.0.dta,5,4113.796107,ECCHGDLLECADDRADLAK(14)-LKECCDKPLLEK(7),4113.800501,Carbamidomethyl[C](2);Carbamidomethyl[C](3);Carbamidomethyl[C](10);Carbamidomethyl[C](26);Carbamidomethyl[C](27),1.000000e+000,1.692672e-005,-0.004394,-1.068112,1.000000e+000,1.000000e+000
,3,YL_KARGO_0DOT1.16960.16960.5.0.dta,5,4478.027352,VHKECCHGDLLECADDRADLAK(17)-LKECCDKPLLEK(7),4478.022771,Carbamidomethyl[C](5);Carbamidomethyl[C](6);Carbamidomethyl[C](13);Carbamidomethyl[C](29);Carbamidomethyl[C](30),1.000000e+000,8.771736e-002,0.004581,1.022996,1.000000e+000,1.000000e+000
4,BSA(245)-BSA(280),2,14
,1,YL_KARGO_0DOT1.18286.18286.4.1.dta,4,3428.510011,LSQKFPK(4)-ECCHGDLLECADDRADLAK(14),3428.523037,Carbamidomethyl[C](2);Carbamidomethyl[C](3);Carbamidomethyl[C](10),1.000000e+000,1.442404e-005,-0.013026,-3.799304,1.000000e+000,1.000000e+000
,2,YL_KARGO_0DOT2.18223.18223.3.0.dta,3,3428.520055,LSQKFPK(4)-ECCHGDLLECADDRADLAK(14),3428.523037,Carbamidomethyl[C](2);Carbamidomethyl[C](3);Carbamidomethyl[C](10),1.000000e+000,3.941991e-005,-0.002982,-0.869762,1.000000e+000,1.000000e+000
,3,YL_KARGO_0DOT1.18281.18281.4.1.dta,4,3428.510011,LSQKFPK(4)-ECCHGDLLECADDRADLAK(14),3428.523037,Carbamidomethyl[C](2);Carbamidomethyl[C](3);Carbamidomethyl[C](10),1.000000e+000,1.452266e-004,-0.013026,-3.799304,1.000000e+000,1.000000e+000
,4,YL_KARGO_0DOT2.18211.18211.4.0.dta,4,3428.517726,LSQKFPK(4)-ECCHGDLLECADDRADLAK(14),3428.523037,Carbamidomethyl[C](2);Carbamidomethyl[C](3);Carbamidomethyl[C](10),1.000000e+000,2.909175e-004,-0.005311,-1.549064,1.000000e+000,1.000000e+000
,5,YL_KARGO_0DOT1.18272.18272.4.1.dta,4,3428.510047,LSQKFPK(4)-ECCHGDLLECADDRADLAK(14),3428.523037,Carbamidomethyl[C](2);Carbamidomethyl[C](3);Carbamidomethyl[C](10),1.000000e+000,3.555497e-004,-0.012990,-3.788803,1.000000e+000,1.000000e+000
,6,YL_KARGO_0DOT2.18250.18250.4.1.dta,4,3428.517726,LSQKFPK(4)-ECCHGDLLECADDRADLAK(14),3428.523037,Carbamidomethyl[C](2);Carbamidomethyl[C](3);Carbamidomethyl[C](10),1.000000e+000,5.835656e-004,-0.005311,-1.549064,1.000000e+000,1.000000e+000
,7,YL_KARGO_0DOT2.18251.18251.3.0.dta,3,3428.520055,LSQKFPK(4)-ECCHGDLLECADDRADLAK(14),3428.523037,Carbamidomethyl[C](2);Carbamidomethyl[C](3);Carbamidomethyl[C](10),1.000000e+000,1.276087e-003,-0.002982,-0.869762,1.000000e+000,1.000000e+000
,8,YL_KARGO_0DOT1.18293.18293.6.3.dta,6,3428.519013,LSQKFPK(4)-ECCHGDLLECADDRADLAK(14),3428.523037,Carbamidomethyl[C](2);Carbamidomethyl[C](3);Carbamidomethyl[C](10),1.000000e+000,3.580555e-002,-0.004024,-1.173683,1.000000e+000,1.000000e+000
,9,YL_KARGO_0DOT1.18087.18087.3.0.dta,3,3428.488742,LSQKFPK(4)-ECCHGDLLECADDRADLAK(14),3428.523037,Carbamidomethyl[C](2);Carbamidomethyl[C](3);Carbamidomethyl[C](10),1.000000e+000,1.213828e-001,-0.034295,-10.002850,1.000000e+000,1.000000e+000
,10,YL_KARGO_0DOT2.18236.18236.4.1.dta,4,3428.517726,LSQKFPK(4)-ECCHGDLLECADDRADLAK(14),3428.523037,Carbamidomethyl[C](2);Carbamidomethyl[C](3);Carbamidomethyl[C](10),1.000000e+000,3.296178e-001,-0.005311,-1.549064,1.000000e+000,1.000000e+000
,11,YL_KARGO_0DOT1.16713.16713.4.1.dta,4,3792.743751,LSQKFPK(4)-VHKECCHGDLLECADDRADLAK(17),3792.745307,Carbamidomethyl[C](5);Carbamidomethyl[C](6);Carbamidomethyl[C](13),1.000000e+000,7.862633e-003,-0.001556,-0.410257,1.000000e+000,1.000000e+000
,12,YL_KARGO_0DOT2.17071.17071.4.3.dta,4,3792.749992,LSQKFPK(4)-VHKECCHGDLLECADDRADLAK(17),3792.745307,Carbamidomethyl[C](5);Carbamidomethyl[C](6);Carbamidomethyl[C](13),1.000000e+000,1.215650e-002,0.004685,1.235253,1.000000e+000,1.000000e+000
,13,YL_KARGO_0DOT1.16715.16715.6.1.dta,6,3792.739602,LSQKFPK(4)-VHKECCHGDLLECADDRADLAK(17),3792.745307,Carbamidomethyl[C](5);Carbamidomethyl[C](6);Carbamidomethyl[C](13),1.000000e+000,2.600190e-001,-0.005705,-1.504187,1.000000e+000,1.000000e+000
,14,YL_KARGO_0DOT1.16746.16746.4.2.dta,4,3792.743842,LSQKFPK(4)-VHKECCHGDLLECADDRADLAK(17),3792.745307,Carbamidomethyl[C](5);Carbamidomethyl[C](6);Carbamidomethyl[C](13),1.000000e+000,7.891102e-001,-0.001465,-0.386264,1.000000e+000,1.000000e+000
5,BSA(122)-BSA(140),2,9
,1,YL_KARGO_0DOT1.19353.19353.6.5.dta,6,4894.204170,QEPERNECFLSHKDDSPDLPK(5)-LKPDPNTLCDEFKADEK(2),4894.213255,Carbamidomethyl[C](8);Carbamidomethyl[C](33),1.000000e+000,2.025826e-003,-0.009085,-1.856274,1.000000e+000,1.000000e+000
,2,YL_KARGO_0DOT1.19313.19313.6.2.dta,6,4894.204848,QEPERNECFLSHKDDSPDLPK(5)-LKPDPNTLCDEFKADEK(2),4894.213255,Carbamidomethyl[C](8);Carbamidomethyl[C](33),1.000000e+000,1.011319e-002,-0.008407,-1.717743,1.000000e+000,1.000000e+000
,3,YL_KARGO_0DOT1.19444.19444.6.2.dta,6,4894.207112,QEPERNECFLSHKDDSPDLPK(5)-LKPDPNTLCDEFKADEK(2),4894.213255,Carbamidomethyl[C](8);Carbamidomethyl[C](33),1.000000e+000,4.413726e-002,-0.006143,-1.255156,1.000000e+000,1.000000e+000
,4,YL_KARGO_0DOT1.19439.19439.5.2.dta,5,4894.202595,QEPERNECFLSHKDDSPDLPK(5)-LKPDPNTLCDEFKADEK(2),4894.213255,Carbamidomethyl[C](8);Carbamidomethyl[C](33),1.000000e+000,4.443905e-002,-0.010660,-2.178082,1.000000e+000,1.000000e+000
,5,YL_KARGO_0DOT1.20113.20113.6.5.dta,6,4894.179028,QEPERNECFLSHKDDSPDLPK(5)-LKPDPNTLCDEFKADEK(2),4894.213255,Carbamidomethyl[C](8);Carbamidomethyl[C](33),1.000000e+000,9.863537e-002,-0.034227,-6.993361,1.000000e+000,1.000000e+000
,6,YL_KARGO_0DOT1.19308.19308.5.0.dta,5,4894.206724,QEPERNECFLSHKDDSPDLPK(5)-LKPDPNTLCDEFKADEK(2),4894.213255,Carbamidomethyl[C](8);Carbamidomethyl[C](33),1.000000e+000,2.500136e-001,-0.006531,-1.334433,1.000000e+000,1.000000e+000
,7,YL_KARGO_0DOT1.20063.20063.5.1.dta,5,4894.185597,QEPERNECFLSHKDDSPDLPK(5)-LKPDPNTLCDEFKADEK(2),4894.213255,Carbamidomethyl[C](8);Carbamidomethyl[C](33),1.000000e+000,2.815354e-001,-0.027658,-5.651164,1.000000e+000,1.000000e+000
,8,YL_KARGO_0DOT1.19442.19442.4.3.dta,4,4894.202222,QEPERNECFLSHKDDSPDLPK(5)-LKPDPNTLCDEFKADEK(2),4894.213255,Carbamidomethyl[C](8);Carbamidomethyl[C](33),1.000000e+000,5.482630e-001,-0.011033,-2.254295,1.000000e+000,1.000000e+000
,9,YL_KARGO_0DOT1.19874.19874.4.5.dta,4,4451.004230,QEPERNECFLSHKDDSPDLPK(5)-LKPDPNTLCDEFK(2),4451.011662,Carbamidomethyl[C](8);Carbamidomethyl[C](33),1.000000e+000,1.011856e-001,-0.007432,-1.669733,1.000000e+000,1.000000e+000
6,BSA(204)-BSA(459),2,3
,1,YL_KARGO_0DOT1.17735.17735.4.1.dta,4,3317.536240,GACLLPKIETMR(7)-VGTRCCTKPESER(4),3317.541998,Carbamidomethyl[C](5);Carbamidomethyl[C](6);Carbamidomethyl[C](19);Oxidation[M](27),1.000000e+000,4.568870e-003,-0.005758,-1.735622,1.000000e+000,1.000000e+000
,2,YL_KARGO_0DOT1.17756.17756.3.0.dta,3,3317.546311,GACLLPKIETMR(7)-VGTRCCTKPESER(4),3317.541998,Carbamidomethyl[C](5);Carbamidomethyl[C](6);Carbamidomethyl[C](19);Oxidation[M](27),1.000000e+000,1.531261e-001,0.004313,1.300059,1.000000e+000,1.000000e+000
,3,YL_KARGO_0DOT2.22178.22178.3.0.dta,3,2719.266391,GACLLPKIETMR(7)-VGTRCCTK(4),2719.270936,Carbamidomethyl[C](3);Oxidation[M](11);Carbamidomethyl[C](20);Carbamidomethyl[C](21),1.000000e+000,2.887520e-001,-0.004545,-1.671404,1.000000e+000,1.000000e+000
7,BSA(122)-BSA(138),2,3
,1,YL_KARGO_0DOT1.19412.19412.5.1.dta,5,6369.704493,ETYGDMADCCEKQEPERNECFLSHK(17)-DDSPDLPKLKPDPNTLCDEFKADEK(8),6369.713506,Carbamidomethyl[C](9);Carbamidomethyl[C](10);Carbamidomethyl[C](20);Oxidation[M](6);Carbamidomethyl[C](45),1.000000e+000,3.422515e-002,-0.009013,-1.414977,1.000000e+000,1.000000e+000
,2,YL_KARGO_0DOT1.19590.19590.5.0.dta,5,6353.687729,ETYGDMADCCEKQEPERNECFLSHK(17)-DDSPDLPKLKPDPNTLCDEFKADEK(8),6353.718592,Carbamidomethyl[C](9);Carbamidomethyl[C](10);Carbamidomethyl[C](20);Carbamidomethyl[C](45),1.000000e+000,6.241287e-001,-0.030863,-4.857470,1.000000e+000,1.000000e+000
,3,YL_KARGO_0DOT1.19370.19370.4.2.dta,4,4894.202839,QEPERNECFLSHK(5)-DDSPDLPKLKPDPNTLCDEFKADEK(8),4894.213255,Carbamidomethyl[C](17);Carbamidomethyl[C](36),1.000000e+000,7.993265e-001,-0.010416,-2.128228,1.000000e+000,1.000000e+000
8,BSA(498)-BSA(508),1,6
,1,YL_KARGO_0DOT2.19052.19052.4.1.dta,4,3680.708833,VTKCCTESLVNR(3)-RPCFSALTPDETYVPK(1),3680.706802,Carbamidomethyl[C](3);Carbamidomethyl[C](23);Carbamidomethyl[C](24),1.000000e+000,7.892447e-013,0.002031,0.551796,1.000000e+000,1.000000e+000
,2,YL_KARGO_0DOT2.19070.19070.4.2.dta,4,3680.706601,VTKCCTESLVNR(3)-RPCFSALTPDETYVPK(1),3680.706802,Carbamidomethyl[C](3);Carbamidomethyl[C](23);Carbamidomethyl[C](24),1.000000e+000,4.051414e-009,-0.000201,-0.054609,1.000000e+000,1.000000e+000
,3,YL_KARGO_0DOT2.19072.19072.5.1.dta,5,3680.708055,VTKCCTESLVNR(3)-RPCFSALTPDETYVPK(1),3680.706802,Carbamidomethyl[C](3);Carbamidomethyl[C](23);Carbamidomethyl[C](24),1.000000e+000,1.150614e-007,0.001253,0.340424,1.000000e+000,1.000000e+000
,4,YL_KARGO_0DOT2.19084.19084.5.1.dta,5,3680.708008,VTKCCTESLVNR(3)-RPCFSALTPDETYVPK(1),3680.706802,Carbamidomethyl[C](3);Carbamidomethyl[C](23);Carbamidomethyl[C](24),1.000000e+000,8.379617e-006,0.001206,0.327654,1.000000e+000,1.000000e+000
,5,YL_KARGO_0DOT2.19062.19062.3.0.dta,3,3680.706479,VTKCCTESLVNR(3)-RPCFSALTPDETYVPK(1),3680.706802,Carbamidomethyl[C](3);Carbamidomethyl[C](23);Carbamidomethyl[C](24),1.000000e+000,2.208036e-005,-0.000323,-0.087755,1.000000e+000,1.000000e+000
,6,YL_KARGO_0DOT2.19081.19081.3.0.dta,3,3680.706479,VTKCCTESLVNR(3)-RPCFSALTPDETYVPK(1),3680.706802,Carbamidomethyl[C](3);Carbamidomethyl[C](23);Carbamidomethyl[C](24),1.000000e+000,4.351737e-004,-0.000323,-0.087755,1.000000e+000,1.000000e+000
9,BSA(433)-BSA(568),1,15
,1,YL_KARGO_0DOT2.28348.28348.4.0.dta,4,4448.181355,LGEYGFQNALIVRYTR(13)-ATEEQLKTVMENFVAFVDK(7),4448.179318,Oxidation[M](10),1.000000e+000,4.573236e-012,0.002037,0.457940,1.000000e+000,1.000000e+000
,2,YL_KARGO_0DOT2.28321.28321.5.0.dta,5,4432.175577,LGEYGFQNALIVRYTR(13)-ATEEQLKTVMENFVAFVDK(7),4432.184404,null,1.000000e+000,7.723601e-008,-0.008827,-1.991569,1.000000e+000,1.000000e+000
,3,YL_KARGO_0DOT1.28553.28553.5.0.dta,5,4432.186109,LGEYGFQNALIVRYTR(13)-ATEEQLKTVMENFVAFVDK(7),4432.184404,null,1.000000e+000,1.035615e-007,0.001705,0.384686,1.000000e+000,1.000000e+000
,4,YL_KARGO_0DOT1.28525.28525.4.0.dta,4,4448.202973,LGEYGFQNALIVRYTR(13)-ATEEQLKTVMENFVAFVDK(7),4448.179318,Oxidation[M](10),1.000000e+000,1.602389e-007,0.023655,5.317906,1.000000e+000,1.000000e+000
,5,YL_KARGO_0DOT2.28339.28339.3.0.dta,3,4448.212537,LGEYGFQNALIVRYTR(13)-ATEEQLKTVMENFVAFVDK(7),4448.179318,Oxidation[M](10),1.000000e+000,4.638519e-007,0.033219,7.467999,1.000000e+000,1.000000e+000
,6,YL_KARGO_0DOT1.28526.28526.4.1.dta,4,4432.153165,LGEYGFQNALIVRYTR(13)-ATEEQLKTVMENFVAFVDK(7),4432.184404,null,1.000000e+000,5.812465e-006,-0.031239,-7.048218,1.000000e+000,1.000000e+000
,7,YL_KARGO_0DOT1.28554.28554.4.0.dta,4,4448.202973,LGEYGFQNALIVRYTR(13)-ATEEQLKTVMENFVAFVDK(7),4448.179318,Oxidation[M](10),1.000000e+000,1.838973e-005,0.023655,5.317906,1.000000e+000,1.000000e+000
,8,YL_KARGO_0DOT2.28319.28319.4.0.dta,4,4432.166378,LGEYGFQNALIVRYTR(13)-ATEEQLKTVMENFVAFVDK(7),4432.184404,null,1.000000e+000,2.589849e-005,-0.018026,-4.067069,1.000000e+000,1.000000e+000
,9,YL_KARGO_0DOT1.28605.28605.3.0.dta,3,4448.167747,LGEYGFQNALIVRYTR(13)-ATEEQLKTVMENFVAFVDK(7),4448.179318,Oxidation[M](10),1.000000e+000,2.107599e-004,-0.011571,-2.601289,1.000000e+000,1.000000e+000
,10,YL_KARGO_0DOT1.28604.28604.5.0.dta,5,4448.204685,LGEYGFQNALIVRYTR(13)-ATEEQLKTVMENFVAFVDK(7),4448.179318,Oxidation[M](10),1.000000e+000,3.677755e-004,0.025367,5.702783,1.000000e+000,1.000000e+000
,11,YL_KARGO_0DOT1.28552.28552.4.0.dta,4,4432.153165,LGEYGFQNALIVRYTR(13)-ATEEQLKTVMENFVAFVDK(7),4432.184404,null,1.000000e+000,4.691400e-004,-0.031239,-7.048218,1.000000e+000,1.000000e+000
,12,YL_KARGO_0DOT2.28349.28349.5.0.dta,5,4448.195616,LGEYGFQNALIVRYTR(13)-ATEEQLKTVMENFVAFVDK(7),4448.179318,Oxidation[M](10),1.000000e+000,9.671687e-004,0.016298,3.663971,1.000000e+000,1.000000e+000
,13,YL_KARGO_0DOT2.28351.28351.3.0.dta,3,4448.212537,LGEYGFQNALIVRYTR(13)-ATEEQLKTVMENFVAFVDK(7),4448.179318,Oxidation[M](10),1.000000e+000,1.584200e-003,0.033219,7.467999,1.000000e+000,1.000000e+000
,14,YL_KARGO_0DOT1.28603.28603.4.0.dta,4,4448.202973,LGEYGFQNALIVRYTR(13)-ATEEQLKTVMENFVAFVDK(7),4448.179318,Oxidation[M](10),1.000000e+000,4.762494e-003,0.023655,5.317906,1.000000e+000,1.000000e+000
,15,YL_KARGO_0DOT1.28628.28628.5.0.dta,5,4448.204685,LGEYGFQNALIVRYTR(13)-ATEEQLKTVMENFVAFVDK(7),4448.179318,Oxidation[M](10),1.000000e+000,1.630924e-002,0.025367,5.702783,1.000000e+000,1.000000e+000
10,BSA(433)-BSA(437),1,6
,1,YL_KARGO_0DOT2.21007.21007.5.0.dta,5,3873.020862,LGEYGFQNALIVRYTR(13)-KVPQVSTPTLVEVSR(1),3873.021974,null,1.000000e+000,3.561034e-010,-0.001112,-0.287114,1.000000e+000,1.000000e+000
,2,YL_KARGO_0DOT2.21005.21005.4.0.dta,4,3873.020116,LGEYGFQNALIVRYTR(13)-KVPQVSTPTLVEVSR(1),3873.021974,null,1.000000e+000,9.566342e-010,-0.001858,-0.479729,1.000000e+000,1.000000e+000
,3,YL_KARGO_0DOT2.21010.21010.3.0.dta,3,3873.022957,LGEYGFQNALIVRYTR(13)-KVPQVSTPTLVEVSR(1),3873.021974,null,1.000000e+000,2.414763e-005,0.000983,0.253807,1.000000e+000,1.000000e+000
,4,YL_KARGO_0DOT1.21137.21137.4.0.dta,4,3873.021919,LGEYGFQNALIVRYTR(13)-KVPQVSTPTLVEVSR(1),3873.021974,null,1.000000e+000,2.384806e-003,-0.000055,-0.014201,1.000000e+000,1.000000e+000
,5,YL_KARGO_0DOT1.21146.21146.5.0.dta,5,3873.021571,LGEYGFQNALIVRYTR(13)-KVPQVSTPTLVEVSR(1),3873.021974,null,1.000000e+000,3.413050e-003,-0.000403,-0.104053,1.000000e+000,1.000000e+000
,6,YL_KARGO_0DOT1.21171.21171.5.0.dta,5,3873.021571,LGEYGFQNALIVRYTR(13)-KVPQVSTPTLVEVSR(1),3873.021974,null,1.000000e+000,1.448064e-001,-0.000403,-0.104053,1.000000e+000,1.000000e+000
11,BSA(222)-BSA(318),1,4
,1,YL_KARGO_0DOT1.19985.19985.5.0.dta,5,4820.289671,LRCASIQK(2)-SHCIAEVEKDAIPENLPPLTADFAEDKDVCK(9),4820.289000,Carbamidomethyl[C](3);Carbamidomethyl[C](30);Carbamidomethyl[C](37),1.000000e+000,9.145535e-009,0.000671,0.139203,1.000000e+000,1.000000e+000
,2,YL_KARGO_0DOT1.20008.20008.5.0.dta,5,4820.289671,LRCASIQK(2)-SHCIAEVEKDAIPENLPPLTADFAEDKDVCK(9),4820.289000,Carbamidomethyl[C](3);Carbamidomethyl[C](30);Carbamidomethyl[C](37),1.000000e+000,2.447676e-002,0.000671,0.139203,1.000000e+000,1.000000e+000
,3,YL_KARGO_0DOT1.20011.20011.4.4.dta,4,4820.253015,LRCASIQK(2)-SHCIAEVEKDAIPENLPPLTADFAEDKDVCK(9),4820.289000,Carbamidomethyl[C](3);Carbamidomethyl[C](30);Carbamidomethyl[C](37),1.000000e+000,2.631010e-002,-0.035985,-7.465320,1.000000e+000,1.000000e+000
,4,YL_KARGO_0DOT1.20009.20009.6.1.dta,6,4820.293298,LRCASIQK(2)-SHCIAEVEKDAIPENLPPLTADFAEDKDVCK(9),4820.289000,Carbamidomethyl[C](3);Carbamidomethyl[C](30);Carbamidomethyl[C](37),1.000000e+000,1.014971e-001,0.004298,0.891648,1.000000e+000,1.000000e+000
12,BSA(463)-BSA(482),1,34
,1,YL_KARGO_0DOT1.23353.23353.4.1.dta,4,4103.863272,CCTKPESER(4)-MPCTEDYLSLILNRLCVLHEK(14),4103.867792,Carbamidomethyl[C](3);Carbamidomethyl[C](16);Carbamidomethyl[C](25);Carbamidomethyl[C](26),1.000000e+000,1.762231e-008,-0.004520,-1.101400,1.000000e+000,1.000000e+000
,2,YL_KARGO_0DOT1.23346.23346.4.2.dta,4,4103.862801,CCTKPESER(4)-MPCTEDYLSLILNRLCVLHEK(14),4103.867792,Carbamidomethyl[C](3);Carbamidomethyl[C](16);Carbamidomethyl[C](25);Carbamidomethyl[C](26),1.000000e+000,7.472882e-008,-0.004991,-1.216170,1.000000e+000,1.000000e+000
,3,YL_KARGO_0DOT1.23564.23564.6.2.dta,6,4119.862180,CCTKPESER(4)-MPCTEDYLSLILNRLCVLHEK(14),4119.862706,Carbamidomethyl[C](3);Carbamidomethyl[C](16);Oxidation[M](1);Carbamidomethyl[C](25);Carbamidomethyl[C](26),1.000000e+000,6.244200e-005,-0.000526,-0.127674,1.000000e+000,1.000000e+000
,4,YL_KARGO_0DOT1.23368.23368.6.4.dta,6,4103.870765,CCTKPESER(4)-MPCTEDYLSLILNRLCVLHEK(14),4103.867792,Carbamidomethyl[C](3);Carbamidomethyl[C](16);Carbamidomethyl[C](25);Carbamidomethyl[C](26),1.000000e+000,8.041656e-005,0.002973,0.724439,1.000000e+000,1.000000e+000
,5,YL_KARGO_0DOT1.23507.23507.4.0.dta,4,4119.859427,CCTKPESER(4)-MPCTEDYLSLILNRLCVLHEK(14),4119.862706,Carbamidomethyl[C](3);Carbamidomethyl[C](16);Oxidation[M](1);Carbamidomethyl[C](25);Carbamidomethyl[C](26),1.000000e+000,1.945669e-004,-0.003279,-0.795900,1.000000e+000,1.000000e+000
,6,YL_KARGO_0DOT1.23316.23316.6.1.dta,6,4103.866320,CCTKPESER(4)-MPCTEDYLSLILNRLCVLHEK(14),4103.867792,Carbamidomethyl[C](3);Carbamidomethyl[C](16);Carbamidomethyl[C](25);Carbamidomethyl[C](26),1.000000e+000,3.235187e-004,-0.001472,-0.358686,1.000000e+000,1.000000e+000
,7,YL_KARGO_0DOT1.25290.25290.4.3.dta,4,4103.841004,CCTKPESER(4)-MPCTEDYLSLILNRLCVLHEK(14),4103.867792,Carbamidomethyl[C](3);Carbamidomethyl[C](16);Carbamidomethyl[C](25);Carbamidomethyl[C](26),1.000000e+000,3.820985e-004,-0.026788,-6.527501,1.000000e+000,1.000000e+000
,8,YL_KARGO_0DOT1.23352.23352.6.1.dta,6,4103.871049,CCTKPESER(4)-MPCTEDYLSLILNRLCVLHEK(14),4103.867792,Carbamidomethyl[C](3);Carbamidomethyl[C](16);Carbamidomethyl[C](25);Carbamidomethyl[C](26),1.000000e+000,4.815687e-004,0.003257,0.793642,1.000000e+000,1.000000e+000
,9,YL_KARGO_0DOT1.23544.23544.4.0.dta,4,4119.858922,CCTKPESER(4)-MPCTEDYLSLILNRLCVLHEK(14),4119.862706,Carbamidomethyl[C](3);Carbamidomethyl[C](16);Oxidation[M](1);Carbamidomethyl[C](25);Carbamidomethyl[C](26),1.000000e+000,5.317740e-004,-0.003784,-0.918477,1.000000e+000,1.000000e+000
,10,YL_KARGO_0DOT1.23351.23351.5.0.dta,5,4103.867515,CCTKPESER(4)-MPCTEDYLSLILNRLCVLHEK(14),4103.867792,Carbamidomethyl[C](3);Carbamidomethyl[C](16);Carbamidomethyl[C](25);Carbamidomethyl[C](26),1.000000e+000,5.496000e-004,-0.000277,-0.067497,1.000000e+000,1.000000e+000
,11,YL_KARGO_0DOT1.23381.23381.4.1.dta,4,4103.869452,CCTKPESER(4)-MPCTEDYLSLILNRLCVLHEK(14),4103.867792,Carbamidomethyl[C](3);Carbamidomethyl[C](16);Carbamidomethyl[C](25);Carbamidomethyl[C](26),1.000000e+000,1.063166e-003,0.001660,0.404496,1.000000e+000,1.000000e+000
,12,YL_KARGO_0DOT1.23631.23631.5.0.dta,5,4119.863183,CCTKPESER(4)-MPCTEDYLSLILNRLCVLHEK(14),4119.862706,Carbamidomethyl[C](3);Carbamidomethyl[C](16);Oxidation[M](1);Carbamidomethyl[C](25);Carbamidomethyl[C](26),1.000000e+000,1.358520e-003,0.000477,0.115781,1.000000e+000,1.000000e+000
,13,YL_KARGO_0DOT2.23689.23689.6.1.dta,6,4119.865217,CCTKPESER(4)-MPCTEDYLSLILNRLCVLHEK(14),4119.862706,Carbamidomethyl[C](3);Carbamidomethyl[C](16);Oxidation[M](1);Carbamidomethyl[C](25);Carbamidomethyl[C](26),1.000000e+000,1.980507e-003,0.002511,0.609486,1.000000e+000,1.000000e+000
,14,YL_KARGO_0DOT2.23656.23656.6.3.dta,6,4119.867721,CCTKPESER(4)-MPCTEDYLSLILNRLCVLHEK(14),4119.862706,Carbamidomethyl[C](3);Carbamidomethyl[C](16);Oxidation[M](1);Carbamidomethyl[C](25);Carbamidomethyl[C](26),1.000000e+000,2.027241e-003,0.005015,1.217274,1.000000e+000,1.000000e+000
,15,YL_KARGO_0DOT2.23672.23672.6.1.dta,6,4119.865217,CCTKPESER(4)-MPCTEDYLSLILNRLCVLHEK(14),4119.862706,Carbamidomethyl[C](3);Carbamidomethyl[C](16);Oxidation[M](1);Carbamidomethyl[C](25);Carbamidomethyl[C](26),1.000000e+000,2.940561e-003,0.002511,0.609486,1.000000e+000,1.000000e+000
,16,YL_KARGO_0DOT1.22951.22951.4.2.dta,4,4103.858563,CCTKPESER(4)-MPCTEDYLSLILNRLCVLHEK(14),4103.867792,Carbamidomethyl[C](3);Carbamidomethyl[C](16);Carbamidomethyl[C](25);Carbamidomethyl[C](26),1.000000e+000,3.013755e-003,-0.009229,-2.248854,1.000000e+000,1.000000e+000
,17,YL_KARGO_0DOT2.23647.23647.5.1.dta,5,4119.857621,CCTKPESER(4)-MPCTEDYLSLILNRLCVLHEK(14),4119.862706,Carbamidomethyl[C](3);Carbamidomethyl[C](16);Oxidation[M](1);Carbamidomethyl[C](25);Carbamidomethyl[C](26),1.000000e+000,3.622543e-003,-0.005085,-1.234264,1.000000e+000,1.000000e+000
,18,YL_KARGO_0DOT1.23483.23483.5.0.dta,5,4119.860394,CCTKPESER(4)-MPCTEDYLSLILNRLCVLHEK(14),4119.862706,Carbamidomethyl[C](3);Carbamidomethyl[C](16);Oxidation[M](1);Carbamidomethyl[C](25);Carbamidomethyl[C](26),1.000000e+000,7.310400e-003,-0.002312,-0.561184,1.000000e+000,1.000000e+000
,19,YL_KARGO_0DOT1.23342.23342.5.1.dta,5,4103.865889,CCTKPESER(4)-MPCTEDYLSLILNRLCVLHEK(14),4103.867792,Carbamidomethyl[C](3);Carbamidomethyl[C](16);Carbamidomethyl[C](25);Carbamidomethyl[C](26),1.000000e+000,7.687671e-003,-0.001903,-0.463709,1.000000e+000,1.000000e+000
,20,YL_KARGO_0DOT1.25403.25403.4.3.dta,4,4103.840634,CCTKPESER(4)-MPCTEDYLSLILNRLCVLHEK(14),4103.867792,Carbamidomethyl[C](3);Carbamidomethyl[C](16);Carbamidomethyl[C](25);Carbamidomethyl[C](26),1.000000e+000,1.116162e-002,-0.027158,-6.617660,1.000000e+000,1.000000e+000
,21,YL_KARGO_0DOT2.23563.23563.4.2.dta,4,4119.842070,CCTKPESER(4)-MPCTEDYLSLILNRLCVLHEK(14),4119.862706,Carbamidomethyl[C](3);Carbamidomethyl[C](16);Oxidation[M](1);Carbamidomethyl[C](25);Carbamidomethyl[C](26),1.000000e+000,1.267697e-002,-0.020636,-5.008905,1.000000e+000,1.000000e+000
,22,YL_KARGO_0DOT1.23467.23467.5.1.dta,5,4119.859618,CCTKPESER(4)-MPCTEDYLSLILNRLCVLHEK(14),4119.862706,Carbamidomethyl[C](3);Carbamidomethyl[C](16);Oxidation[M](1);Carbamidomethyl[C](25);Carbamidomethyl[C](26),1.000000e+000,2.909196e-002,-0.003088,-0.749540,1.000000e+000,1.000000e+000
,23,YL_KARGO_0DOT1.23484.23484.6.0.dta,6,4119.860990,CCTKPESER(4)-MPCTEDYLSLILNRLCVLHEK(14),4119.862706,Carbamidomethyl[C](3);Carbamidomethyl[C](16);Oxidation[M](1);Carbamidomethyl[C](25);Carbamidomethyl[C](26),1.000000e+000,3.231860e-002,-0.001716,-0.416519,1.000000e+000,1.000000e+000
,24,YL_KARGO_0DOT1.23495.23495.4.0.dta,4,4119.859980,CCTKPESER(4)-MPCTEDYLSLILNRLCVLHEK(14),4119.862706,Carbamidomethyl[C](3);Carbamidomethyl[C](16);Oxidation[M](1);Carbamidomethyl[C](25);Carbamidomethyl[C](26),1.000000e+000,3.781940e-002,-0.002726,-0.661673,1.000000e+000,1.000000e+000
,25,YL_KARGO_0DOT1.23699.23699.6.0.dta,6,4119.861692,CCTKPESER(4)-MPCTEDYLSLILNRLCVLHEK(14),4119.862706,Carbamidomethyl[C](3);Carbamidomethyl[C](16);Oxidation[M](1);Carbamidomethyl[C](25);Carbamidomethyl[C](26),1.000000e+000,5.749951e-002,-0.001014,-0.246125,1.000000e+000,1.000000e+000
,26,YL_KARGO_0DOT1.25284.25284.4.2.dta,4,4103.840383,CCTKPESER(4)-MPCTEDYLSLILNRLCVLHEK(14),4103.867792,Carbamidomethyl[C](3);Carbamidomethyl[C](16);Carbamidomethyl[C](25);Carbamidomethyl[C](26),1.000000e+000,1.128535e-001,-0.027409,-6.678821,1.000000e+000,1.000000e+000
,27,YL_KARGO_0DOT2.23485.23485.5.2.dta,5,4103.858856,CCTKPESER(4)-MPCTEDYLSLILNRLCVLHEK(14),4103.867792,Carbamidomethyl[C](3);Carbamidomethyl[C](16);Carbamidomethyl[C](25);Carbamidomethyl[C](26),1.000000e+000,1.876946e-001,-0.008936,-2.177458,1.000000e+000,1.000000e+000
,28,YL_KARGO_0DOT1.23734.23734.5.0.dta,5,4119.856079,CCTKPESER(4)-MPCTEDYLSLILNRLCVLHEK(14),4119.862706,Carbamidomethyl[C](3);Carbamidomethyl[C](16);Oxidation[M](1);Carbamidomethyl[C](25);Carbamidomethyl[C](26),1.000000e+000,1.902187e-001,-0.006627,-1.608549,1.000000e+000,1.000000e+000
,29,YL_KARGO_0DOT1.23119.23119.5.1.dta,5,4119.849814,CCTKPESER(4)-MPCTEDYLSLILNRLCVLHEK(14),4119.862706,Carbamidomethyl[C](3);Carbamidomethyl[C](16);Oxidation[M](1);Carbamidomethyl[C](25);Carbamidomethyl[C](26),1.000000e+000,2.380591e-001,-0.012892,-3.129230,1.000000e+000,1.000000e+000
,30,YL_KARGO_0DOT1.25442.25442.3.0.dta,3,4103.845656,CCTKPESER(4)-MPCTEDYLSLILNRLCVLHEK(14),4103.867792,Carbamidomethyl[C](3);Carbamidomethyl[C](16);Carbamidomethyl[C](25);Carbamidomethyl[C](26),1.000000e+000,2.918897e-001,-0.022136,-5.393936,1.000000e+000,1.000000e+000
,31,YL_KARGO_0DOT1.22837.22837.4.0.dta,4,4119.844749,CCTKPESER(4)-MPCTEDYLSLILNRLCVLHEK(14),4119.862706,Carbamidomethyl[C](3);Carbamidomethyl[C](16);Oxidation[M](1);Carbamidomethyl[C](25);Carbamidomethyl[C](26),1.000000e+000,3.056688e-001,-0.017957,-4.358640,1.000000e+000,1.000000e+000
,32,YL_KARGO_0DOT1.25368.25368.3.0.dta,3,4103.844665,CCTKPESER(4)-MPCTEDYLSLILNRLCVLHEK(14),4103.867792,Carbamidomethyl[C](3);Carbamidomethyl[C](16);Carbamidomethyl[C](25);Carbamidomethyl[C](26),1.000000e+000,6.922635e-001,-0.023127,-5.635415,1.000000e+000,1.000000e+000
,33,YL_KARGO_0DOT2.23460.23460.5.0.dta,5,4103.853061,CCTKPESER(4)-MPCTEDYLSLILNRLCVLHEK(14),4103.867792,Carbamidomethyl[C](3);Carbamidomethyl[C](16);Carbamidomethyl[C](25);Carbamidomethyl[C](26),1.000000e+000,7.693368e-001,-0.014731,-3.589541,1.000000e+000,1.000000e+000
,34,YL_KARGO_0DOT1.23595.23595.3.0.dta,3,4119.844646,CCTKPESER(4)-MPCTEDYLSLILNRLCVLHEK(14),4119.862706,Carbamidomethyl[C](3);Carbamidomethyl[C](16);Oxidation[M](1);Carbamidomethyl[C](25);Carbamidomethyl[C](26),1.000000e+000,7.708329e-001,-0.018060,-4.383641,1.000000e+000,1.000000e+000
13,BSA(241)-BSA(374),1,6
,1,YL_KARGO_0DOT1.18860.18860.3.0.dta,3,3293.542487,AWSVARLSQK(6)-LAKEYEATLEECCAK(3),3293.549181,Carbamidomethyl[C](12);Carbamidomethyl[C](13),1.000000e+000,2.249214e-008,-0.006694,-2.032458,1.000000e+000,1.000000e+000
,2,YL_KARGO_0DOT1.18920.18920.3.0.dta,3,3293.544153,AWSVARLSQK(6)-LAKEYEATLEECCAK(3),3293.549181,Carbamidomethyl[C](12);Carbamidomethyl[C](13),1.000000e+000,7.482603e-008,-0.005028,-1.526621,1.000000e+000,1.000000e+000
,3,YL_KARGO_0DOT1.18888.18888.4.2.dta,4,3293.547363,AWSVARLSQK(6)-LAKEYEATLEECCAK(3),3293.549181,Carbamidomethyl[C](12);Carbamidomethyl[C](13),1.000000e+000,2.779852e-005,-0.001818,-0.551988,1.000000e+000,1.000000e+000
,4,YL_KARGO_0DOT1.18923.18923.4.1.dta,4,3293.545372,AWSVARLSQK(6)-LAKEYEATLEECCAK(3),3293.549181,Carbamidomethyl[C](12);Carbamidomethyl[C](13),1.000000e+000,1.225609e-004,-0.003809,-1.156503,1.000000e+000,1.000000e+000
,5,YL_KARGO_0DOT1.18904.18904.3.0.dta,3,3293.551908,AWSVARLSQK(6)-LAKEYEATLEECCAK(3),3293.549181,Carbamidomethyl[C](12);Carbamidomethyl[C](13),1.000000e+000,7.096349e-004,0.002727,0.827982,1.000000e+000,1.000000e+000
,6,YL_KARGO_0DOT1.18968.18968.4.1.dta,4,3293.545472,AWSVARLSQK(6)-LAKEYEATLEECCAK(3),3293.549181,Carbamidomethyl[C](12);Carbamidomethyl[C](13),1.000000e+000,8.584082e-002,-0.003709,-1.126141,1.000000e+000,1.000000e+000
14,BSA(412)-BSA(433),1,2
,1,YL_KARGO_0DOT1.20712.20712.4.2.dta,4,4588.200891,HLVDEPQNLIKQNCDQFEK(11)-LGEYGFQNALIVRYTR(13),4588.223969,Carbamidomethyl[C](14),1.000000e+000,6.926779e-007,-0.023078,-5.029833,1.000000e+000,1.000000e+000
,2,YL_KARGO_0DOT1.20700.20700.5.0.dta,5,4588.207294,HLVDEPQNLIKQNCDQFEK(11)-LGEYGFQNALIVRYTR(13),4588.223969,Carbamidomethyl[C](14),1.000000e+000,9.137633e-006,-0.016675,-3.634304,1.000000e+000,1.000000e+000
15,BSA(222)-BSA(235),1,5
,1,YL_KARGO_0DOT1.17152.17152.3.0.dta,3,2310.204617,LRCASIQK(2)-ALKAWSVAR(3),2310.206228,Carbamidomethyl[C](15),1.000000e+000,3.474349e-006,-0.001611,-0.697340,1.000000e+000,1.000000e+000
,2,YL_KARGO_0DOT1.17159.17159.3.0.dta,3,2310.204412,LRCASIQK(2)-ALKAWSVAR(3),2310.206228,Carbamidomethyl[C](15),1.000000e+000,1.576031e-005,-0.001816,-0.786077,1.000000e+000,1.000000e+000
,3,YL_KARGO_0DOT1.17208.17208.4.1.dta,4,2310.208914,LRCASIQK(2)-ALKAWSVAR(3),2310.206228,Carbamidomethyl[C](15),1.000000e+000,2.214694e-002,0.002686,1.162667,1.000000e+000,1.000000e+000
,4,YL_KARGO_0DOT1.17200.17200.3.0.dta,3,2310.205218,LRCASIQK(2)-ALKAWSVAR(3),2310.206228,Carbamidomethyl[C](15),1.000000e+000,1.347474e-001,-0.001010,-0.437190,1.000000e+000,1.000000e+000
,5,YL_KARGO_0DOT1.17150.17150.4.0.dta,4,2310.211619,LRCASIQK(2)-ALKAWSVAR(3),2310.206228,Carbamidomethyl[C](15),1.000000e+000,2.501561e-001,0.005391,2.333558,1.000000e+000,1.000000e+000
16,BSA(241)-BSA(463),1,5
,1,YL_KARGO_0DOT1.15689.15689.3.0.dta,3,2645.208784,AWSVARLSQK(6)-CCTKPESER(4),2645.212166,Carbamidomethyl[C](1);Carbamidomethyl[C](2),1.000000e+000,4.909665e-006,-0.003382,-1.278536,1.000000e+000,1.000000e+000
,2,YL_KARGO_0DOT1.15667.15667.3.0.dta,3,2645.211390,AWSVARLSQK(6)-CCTKPESER(4),2645.212166,Carbamidomethyl[C](1);Carbamidomethyl[C](2),1.000000e+000,4.216407e-005,-0.000776,-0.293360,1.000000e+000,1.000000e+000
,3,YL_KARGO_0DOT1.15728.15728.4.0.dta,4,2645.212535,AWSVARLSQK(6)-CCTKPESER(4),2645.212166,Carbamidomethyl[C](1);Carbamidomethyl[C](2),1.000000e+000,9.682031e-004,0.000369,0.139497,1.000000e+000,1.000000e+000
,4,YL_KARGO_0DOT1.15751.15751.4.0.dta,4,2645.212103,AWSVARLSQK(6)-CCTKPESER(4),2645.212166,Carbamidomethyl[C](1);Carbamidomethyl[C](2),1.000000e+000,1.257214e-002,-0.000063,-0.023817,1.000000e+000,1.000000e+000
,5,YL_KARGO_0DOT1.15696.15696.4.0.dta,4,2645.212178,AWSVARLSQK(6)-CCTKPESER(4),2645.212166,Carbamidomethyl[C](1);Carbamidomethyl[C](2),1.000000e+000,3.595499e-002,0.000012,0.004536,1.000000e+000,1.000000e+000
17,BSA(437)-BSA(508),1,3
,1,YL_KARGO_0DOT2.20051.20051.5.1.dta,5,3853.923734,KVPQVSTPTLVEVSR(1)-RPCFSALTPDETYVPK(1),3853.935529,Carbamidomethyl[C](3),1.000000e+000,9.068451e-006,-0.011795,-3.060508,1.000000e+000,1.000000e+000
,2,YL_KARGO_0DOT2.20036.20036.4.1.dta,4,3853.950458,KVPQVSTPTLVEVSR(1)-RPCFSALTPDETYVPK(1),3853.935529,Carbamidomethyl[C](3),1.000000e+000,4.231613e-005,0.014929,3.873703,1.000000e+000,1.000000e+000
,3,YL_KARGO_0DOT1.20254.20254.5.0.dta,5,3853.962835,KVPQVSTPTLVEVSR(1)-RPCFSALTPDETYVPK(1),3853.935529,Carbamidomethyl[C](3),1.000000e+000,1.563969e-002,0.027306,7.085225,1.000000e+000,1.000000e+000
18,BSA(209)-BSA(455),1,10
,1,YL_KARGO_0DOT1.13185.13185.3.3.dta,3,2073.032455,IETMREK(5)-SLGKVGTR(4),2073.032023,Oxidation[M](4),1.000000e+000,7.005079e-005,0.000432,0.208390,1.000000e+000,1.000000e+000
,2,YL_KARGO_0DOT1.14494.14494.3.0.dta,3,2057.035204,IETMREK(5)-SLGKVGTR(4),2057.037109,null,1.000000e+000,8.813876e-005,-0.001905,-0.926089,1.000000e+000,1.000000e+000
,3,YL_KARGO_0DOT1.14406.14406.3.0.dta,3,2057.037644,IETMREK(5)-SLGKVGTR(4),2057.037109,null,1.000000e+000,1.267534e-004,0.000535,0.260083,1.000000e+000,1.000000e+000
,4,YL_KARGO_0DOT1.14419.14419.4.0.dta,4,2073.031717,IETMREK(5)-SLGKVGTR(4),2073.032023,Oxidation[M](4),1.000000e+000,1.104650e-001,-0.000306,-0.147610,1.000000e+000,1.000000e+000
,5,YL_KARGO_0DOT1.14478.14478.4.0.dta,4,2073.031550,IETMREK(5)-SLGKVGTR(4),2073.032023,Oxidation[M](4),1.000000e+000,1.875696e-001,-0.000473,-0.228168,1.000000e+000,1.000000e+000
,6,YL_KARGO_0DOT1.14407.14407.4.1.dta,4,2057.039159,IETMREK(5)-SLGKVGTR(4),2057.037109,null,1.000000e+000,2.751188e-001,0.002050,0.996579,1.000000e+000,1.000000e+000
,7,YL_KARGO_0DOT1.14412.14412.3.0.dta,3,2073.033808,IETMREK(5)-SLGKVGTR(4),2073.032023,Oxidation[M](4),1.000000e+000,2.813261e-001,0.001785,0.861058,1.000000e+000,1.000000e+000
,8,YL_KARGO_0DOT1.13196.13196.4.1.dta,4,2073.032036,IETMREK(5)-SLGKVGTR(4),2073.032023,Oxidation[M](4),1.000000e+000,4.700023e-001,0.000013,0.006271,1.000000e+000,1.000000e+000
,9,YL_KARGO_0DOT1.13358.13358.4.0.dta,4,2073.033752,IETMREK(5)-SLGKVGTR(4),2073.032023,Oxidation[M](4),1.000000e+000,6.840061e-001,0.001729,0.834044,1.000000e+000,1.000000e+000
,10,YL_KARGO_0DOT1.14472.14472.5.0.dta,5,2073.031513,IETMREK(5)-SLGKVGTR(4),2073.032023,Oxidation[M](4),1.000000e+000,7.145636e-001,-0.000510,-0.246016,1.000000e+000,1.000000e+000
19,BSA(222)-BSA(455),1,2
,1,YL_KARGO_0DOT1.14112.14112.3.0.dta,3,2126.105762,LRCASIQK(2)-SLGKVGTR(4),2126.106186,Carbamidomethyl[C](3),1.000000e+000,2.041666e-004,-0.000424,-0.199426,1.000000e+000,1.000000e+000
,2,YL_KARGO_0DOT1.14092.14092.4.0.dta,4,2126.108250,LRCASIQK(2)-SLGKVGTR(4),2126.106186,Carbamidomethyl[C](3),1.000000e+000,1.550460e-001,0.002064,0.970789,1.000000e+000,1.000000e+000
20,BSA(508)-BSA(568),1,3
,1,YL_KARGO_0DOT1.27705.27705.4.0.dta,4,4429.088316,RPCFSALTPDETYVPK(1)-ATEEQLKTVMENFVAFVDK(7),4429.092873,Oxidation[M](10);Carbamidomethyl[C](25),1.000000e+000,4.424370e-004,-0.004557,-1.028879,1.000000e+000,1.000000e+000
,2,YL_KARGO_0DOT1.27707.27707.5.0.dta,5,4429.090785,RPCFSALTPDETYVPK(1)-ATEEQLKTVMENFVAFVDK(7),4429.092873,Oxidation[M](10);Carbamidomethyl[C](25),1.000000e+000,6.480917e-004,-0.002088,-0.471428,1.000000e+000,1.000000e+000
,3,YL_KARGO_0DOT2.27997.27997.4.0.dta,4,4429.098469,RPCFSALTPDETYVPK(1)-ATEEQLKTVMENFVAFVDK(7),4429.092873,Oxidation[M](10);Carbamidomethyl[C](25),1.000000e+000,2.697393e-002,0.005596,1.263464,1.000000e+000,1.000000e+000
21,BSA(455)-BSA(482),1,7
,1,YL_KARGO_0DOT1.24992.24992.6.4.dta,6,3770.855110,SLGKVGTR(4)-MPCTEDYLSLILNRLCVLHEK(14),3770.858877,Carbamidomethyl[C](3);Carbamidomethyl[C](16);Oxidation[M](1),1.000000e+000,4.200008e-003,-0.003767,-0.998977,1.000000e+000,1.000000e+000
,2,YL_KARGO_0DOT1.25076.25076.4.1.dta,4,3770.857890,SLGKVGTR(4)-MPCTEDYLSLILNRLCVLHEK(14),3770.858877,Carbamidomethyl[C](3);Carbamidomethyl[C](16);Oxidation[M](1),1.000000e+000,3.829641e-002,-0.000987,-0.261744,1.000000e+000,1.000000e+000
,3,YL_KARGO_0DOT1.25209.25209.6.4.dta,6,3770.849593,SLGKVGTR(4)-MPCTEDYLSLILNRLCVLHEK(14),3770.858877,Carbamidomethyl[C](3);Carbamidomethyl[C](16);Oxidation[M](1),1.000000e+000,5.676958e-002,-0.009284,-2.462039,1.000000e+000,1.000000e+000
,4,YL_KARGO_0DOT1.24812.24812.5.1.dta,5,3754.866489,SLGKVGTR(4)-MPCTEDYLSLILNRLCVLHEK(14),3754.863963,Carbamidomethyl[C](3);Carbamidomethyl[C](16),1.000000e+000,1.422069e-001,0.002526,0.672727,1.000000e+000,1.000000e+000
,5,YL_KARGO_0DOT1.24732.24732.4.5.dta,4,3770.845592,SLGKVGTR(4)-MPCTEDYLSLILNRLCVLHEK(14),3770.858877,Carbamidomethyl[C](3);Carbamidomethyl[C](16);Oxidation[M](1),1.000000e+000,2.579884e-001,-0.013285,-3.523070,1.000000e+000,1.000000e+000
,6,YL_KARGO_0DOT1.24929.24929.4.5.dta,4,3770.878468,SLGKVGTR(4)-MPCTEDYLSLILNRLCVLHEK(14),3770.858877,Carbamidomethyl[C](3);Carbamidomethyl[C](16);Oxidation[M](1),1.000000e+000,2.816694e-001,0.019591,5.195368,1.000000e+000,1.000000e+000
,7,YL_KARGO_0DOT1.24667.24667.4.2.dta,4,3770.847936,SLGKVGTR(4)-MPCTEDYLSLILNRLCVLHEK(14),3770.858877,Carbamidomethyl[C](3);Carbamidomethyl[C](16);Oxidation[M](1),1.000000e+000,5.288414e-001,-0.010941,-2.901461,1.000000e+000,1.000000e+000
22,BSA(241)-BSA(455),1,2
,1,YL_KARGO_0DOT1.17728.17728.3.0.dta,3,2296.205646,AWSVARLSQK(6)-SLGKVGTR(4),2296.208337,null,1.000000e+000,7.509415e-003,-0.002691,-1.171932,1.000000e+000,1.000000e+000
,2,YL_KARGO_0DOT1.17720.17720.4.2.dta,4,2296.210824,AWSVARLSQK(6)-SLGKVGTR(4),2296.208337,null,1.000000e+000,8.170878e-001,0.002487,1.083090,1.000000e+000,1.000000e+000
23,BSA(222)-BSA(304),1,3
,1,YL_KARGO_0DOT1.15640.15640.3.0.dta,3,2841.398861,LRCASIQK(2)-LKECCDKPLLEK(7),2841.398239,Carbamidomethyl[C](4);Carbamidomethyl[C](5);Carbamidomethyl[C](18),1.000000e+000,9.590077e-003,0.000622,0.218906,1.000000e+000,1.000000e+000
,2,YL_KARGO_0DOT1.15679.15679.5.0.dta,5,2841.403371,LRCASIQK(2)-LKECCDKPLLEK(7),2841.398239,Carbamidomethyl[C](4);Carbamidomethyl[C](5);Carbamidomethyl[C](18),1.000000e+000,2.479417e-002,0.005132,1.806153,1.000000e+000,1.000000e+000
,3,YL_KARGO_0DOT1.15647.15647.3.0.dta,3,2841.398861,LRCASIQK(2)-LKECCDKPLLEK(7),2841.398239,Carbamidomethyl[C](4);Carbamidomethyl[C](5);Carbamidomethyl[C](18),1.000000e+000,4.410741e-001,0.000622,0.218906,1.000000e+000,1.000000e+000
24,BSA(232)-BSA(374),1,2
,1,YL_KARGO_0DOT1.17447.17447.3.0.dta,3,2968.387797,FGERALK(4)-LAKEYEATLEECCAK(3),2968.374192,Carbamidomethyl[C](12);Carbamidomethyl[C](13),1.000000e+000,2.615148e-002,0.013605,4.583317,1.000000e+000,1.000000e+000
,2,YL_KARGO_0DOT1.17767.17767.4.2.dta,4,2968.371047,FGERALK(4)-LAKEYEATLEECCAK(3),2968.374192,Carbamidomethyl[C](12);Carbamidomethyl[C](13),1.000000e+000,8.659320e-002,-0.003145,-1.059503,1.000000e+000,1.000000e+000
25,BSA(463)-BSA(508),1,1
,1,YL_KARGO_0DOT1.17879.17879.4.0.dta,4,3380.486624,CCTKPESER(4)-RPCFSALTPDETYVPK(1),3380.490678,Carbamidomethyl[C](3);Carbamidomethyl[C](20);Carbamidomethyl[C](21),1.000000e+000,3.335286e-002,-0.004054,-1.199234,1.000000e+000,1.000000e+000
26,BSA(222)-BSA(498),1,1
,1,YL_KARGO_0DOT1.14820.14820.4.1.dta,4,2775.319451,LRCASIQK(2)-VTKCCTESLVNR(3),2775.326139,Carbamidomethyl[C](4);Carbamidomethyl[C](5);Carbamidomethyl[C](18),1.000000e+000,1.168742e-001,-0.006688,-2.409807,1.000000e+000,1.000000e+000
27,BSA(232)-BSA(580),1,1
,1,YL_KARGO_0DOT2.28333.28333.4.0.dta,4,4477.970651,FGERALK(4)-TVMENFVAFVDKCCAADDKEACFAVEGPK(12),4478.012196,Carbamidomethyl[C](13);Carbamidomethyl[C](14);Carbamidomethyl[C](22);Oxidation[M](3),1.000000e+000,1.386116e-001,-0.041545,-9.277554,1.000000e+000,1.000000e+000
28,BSA(209)-BSA(386),1,1
,1,YL_KARGO_0DOT2.19943.19943.4.1.dta,4,4518.967365,IETMREK(5)-EYEATLEECCAKDDPHACYSTVFDKLK(12),4518.975868,Carbamidomethyl[C](9);Carbamidomethyl[C](10);Carbamidomethyl[C](18),1.000000e+000,1.607484e-001,-0.008503,-1.881621,1.000000e+000,1.000000e+000
29,BSA(167)-BSA(183),1,1
,1,YL_KARGO_0DOT1.20862.20862.5.1.dta,5,5836.745712,KFWGKYLYEIARR(12)-RHPYFYAPELLYYANKYNGVFQECCQAEDK(16),5836.745430,Carbamidomethyl[C](24);Carbamidomethyl[C](25),1.000000e+000,1.929756e-001,0.000282,0.048315,1.000000e+000,1.000000e+000
30,BSA(209)-BSA(401),1,1
,1,YL_KARGO_0DOT1.20984.20984.6.3.dta,6,3770.964380,IETMREKVLASSARQR(5)-LKHLVDEPQNLIK(2),3770.989627,Oxidation[M](4),1.000000e+000,2.289217e-001,-0.025247,-6.695060,1.000000e+000,1.000000e+000
31,BSA(218)-BSA(401),1,1
,1,YL_KARGO_0DOT1.21055.21055.6.4.dta,6,3770.963359,IETMREKVLASSARQR(14)-LKHLVDEPQNLIK(2),3770.989627,Oxidation[M](4),1.000000e+000,2.509429e-001,-0.026268,-6.965811,1.000000e+000,1.000000e+000
32,BSA(220)-BSA(463),1,1
,1,YL_KARGO_0DOT1.10899.10899.3.2.dta,3,2759.265067,QRLRCASIQK(2)-CCTKPESER(4),2759.269689,Carbamidomethyl[C](5);Carbamidomethyl[C](14);Carbamidomethyl[C](15),1.000000e+000,3.823310e-001,-0.004622,-1.675081,1.000000e+000,1.000000e+000
33,BSA(222)-BSA(245),1,1
,1,YL_KARGO_0DOT1.14555.14555.4.0.dta,4,2156.119472,LRCASIQK(2)-LSQKFPK(4),2156.120775,Carbamidomethyl[C](3),1.000000e+000,6.255720e-001,-0.001303,-0.604326,1.000000e+000,1.000000e+000
34,BSA(336)-BSA(482),1,1
,1,YL_KARGO_0DOT1.21875.21875.5.1.dta,5,5395.533684,DAIPENLPPLTADFAEDKDVCK(18)-MPCTEDYLSLILNRLCVLHEK(14),5395.555497,Carbamidomethyl[C](3);Carbamidomethyl[C](16);Carbamidomethyl[C](45),1.000000e+000,6.335609e-001,-0.021813,-4.042772,1.000000e+000,1.000000e+000
35,BSA(220)-BSA(561),1,1
,1,YL_KARGO_0DOT1.21398.21398.4.1.dta,4,4506.238123,QRLRCASIQKFGER(2)-PKATEEQLKTVMENFVAFVDK(2),4506.258245,Carbamidomethyl[C](29),1.000000e+000,7.720354e-001,-0.020122,-4.465346,1.000000e+000,1.000000e+000
36,BSA(318)-BSA(507),1,1
,1,YL_KARGO_0DOT1.21457.21457.5.0.dta,5,5139.371771,SHCIAEVEKDAIPENLPPLTADFAEDKDVCK(9)-CCTESLVNRR(9),5139.347640,Carbamidomethyl[C](3);Carbamidomethyl[C](30);Carbamidomethyl[C](35);Carbamidomethyl[C](36),1.000000e+000,7.742681e-001,0.024131,4.695343,1.000000e+000,1.000000e+000
