Score,Protein1,Protein2,LinkPos1,LinkPos2
35,BSA,BSA,222,463
35,BSA,BSA,222,374
3,BSA,BSA,280,304
14,BSA,BSA,245,280
9,BSA,BSA,122,140
3,BSA,BSA,204,459
3,BSA,BSA,122,138
6,BSA,BSA,498,508
15,BSA,BSA,433,568
6,BSA,BSA,433,437
4,BSA,BSA,222,318
34,BSA,BSA,463,482
6,BSA,BSA,241,374
2,BSA,BSA,412,433
5,BSA,BSA,222,235
5,BSA,BSA,241,463
3,BSA,BSA,437,508
10,BSA,BSA,209,455
2,BSA,BSA,222,455
3,BSA,BSA,508,568
7,BSA,BSA,455,482
2,BSA,BSA,241,455
3,BSA,BSA,222,304
2,BSA,BSA,232,374
1,BSA,BSA,463,508
1,BSA,BSA,222,498
1,BSA,BSA,232,580
1,BSA,BSA,209,386
1,BSA,BSA,167,183
1,BSA,BSA,209,401
1,BSA,BSA,218,401
1,BSA,BSA,220,463
1,BSA,BSA,222,245
1,BSA,BSA,336,482
1,BSA,BSA,220,561
1,BSA,BSA,318,507
